Timestamp,Model Name,Task Name,User Answer Index,Success Rate (%),Error Status,Unmatched Lines,Log File Path
,llama3.1,plan,16,0.0000,Error,"['/Actuator/Light/LivingRoom/1 || /Actuator/Light/LivingRoom/2 || /Actuator/Light/Bedroom/1 || /Actuator/Light/Bedroom/2', '/Actuator/Light/LivingRoom/1 is turned off.', '/Actuator/Light/LivingRoom/2 is turned off.', '/Actuator/Light/Bedroom/1 is turned off.', '/Actuator/Light/Bedroom/2 is turned off.', '/Actuator/Light/Kitchen/1 is turned off.', '/Actuator/Light/Bathroom/1 is turned off.', '/Actuator/Light/LivingRoom/1 || /Actuator/Light/LivingRoom/2']",/Users/minghe/llm4faas/experiments_default/functions_zh/llama31_functions/llama3.1_plan_16.log
,llama3.1,plan,17,0.0000,Error,"['/Actuator/CoffeeMachine/Kitchen/1', '/Actuator/Light/LivingRoom/1 is turned off.', '/Actuator/Light/LivingRoom/2 is turned off.', '/Actuator/Light/Bedroom/1 is turned off.', '/Actuator/Light/Bedroom/2 is turned off.', '/Actuator/Light/Kitchen/1 is turned off.', '/Actuator/Light/Bathroom/1 is turned off.', '/Actuator/Curtain/LivingRoom/1 || /Actuator/Curtain/Bedroom/1']",/Users/minghe/llm4faas/experiments_default/functions_zh/llama31_functions/llama3.1_plan_17.log
,llama3.1,plan,15,0.0000,Invalid Prompt,,/Users/minghe/llm4faas/experiments_default/functions_zh/llama31_functions/llama3.1_plan_15.log
,llama3.1,plan,14,0.0000,Invalid Prompt,,/Users/minghe/llm4faas/experiments_default/functions_zh/llama31_functions/llama3.1_plan_14.log
,llama3.1,plan,10,0.0000,Error,"['/Actuator/Curtain/LivingRoom/1 || /Actuator/Curtain/Bedroom/1', '/Actuator/Light/LivingRoom/1 is turned off.', '/Actuator/Light/LivingRoom/2 is turned off.', '/Actuator/Light/Bedroom/1 is turned off.', '/Actuator/Light/Bedroom/2 is turned off.', '/Actuator/Light/Kitchen/1 is turned off.', '/Actuator/Light/Bathroom/1 is turned off.', '/Actuator/Window/LivingRoom/1 is now off.', '/Actuator/Window/LivingRoom/2 is now off.', '/Actuator/Window/Bedroom/1 is now off.', '/Actuator/Window/Kitchen/1 is now off.', '/Actuator/Window/Bathroom/1 is now off.', '/Actuator/SmartTV/LivingRoom/1']",/Users/minghe/llm4faas/experiments_default/functions_zh/llama31_functions/llama3.1_plan_10.log
,llama3.1,plan,11,0.0000,Error,"['/Actuator/Light/LivingRoom/1 is turned on. || /Actuator/Light/LivingRoom/2 is turned on. || /Actuator/Light/Bedroom/1 is turned on. || /Actuator/Light/Bedroom/2 is turned on. || /Actuator/Light/Kitchen/1 is turned on. || /Actuator/Light/Bathroom/1 is turned on.', '/Actuator/Curtain/LivingRoom/1 is turned on. || /Actuator/Curtain/Bedroom/1 is turned on.', '/Actuator/SmartTV/LivingRoom/1 is turned on.']",/Users/minghe/llm4faas/experiments_default/functions_zh/llama31_functions/llama3.1_plan_11.log
,llama3.1,plan,13,0.0000,Error,,/Users/minghe/llm4faas/experiments_default/functions_zh/llama31_functions/llama3.1_plan_13.log
,llama3.1,plan,12,0.0000,Error,"['/Actuator/Curtain/LivingRoom/1 || /Actuator/Curtain/Bedroom/1', '/Actuator/MusicPlayer/LivingRoom/1 is now on. || /Actuator/MusicPlayer/Bedroom/1', '/Actuator/CoffeeMachine/Kitchen/1', '/Actuator/Door/LivingRoom/1.', '/Actuator/Light/LivingRoom/1', '/Actuator/Light/Bedroom/1', '/Actuator/Light/Bedroom/2', '/Actuator/Light/Kitchen/1', '/Actuator/Light/Bathroom/1', '/Actuator/Curtain/LivingRoom/1 || /Actuator/Curtain/Bedroom/1', '/Actuator/SmartTV/LivingRoom/1']",/Users/minghe/llm4faas/experiments_default/functions_zh/llama31_functions/llama3.1_plan_12.log
,llama3.1,plan,9,0.0000,Error,,/Users/minghe/llm4faas/experiments_default/functions_zh/llama31_functions/llama3.1_plan_9.log
,llama3.1,plan,8,0.0000,Invalid Prompt,,/Users/minghe/llm4faas/experiments_default/functions_zh/llama31_functions/llama3.1_plan_8.log
,llama3.1,plan,5,0.0000,Error,"['/Actuator/CoffeeMachine/Kitchen/1', '/Actuator/Light/LivingRoom/1 is turned off.', '/Actuator/Light/LivingRoom/2 is turned off.', '/Actuator/Light/Bedroom/1 is turned off.', '/Actuator/Light/Bedroom/2 is turned off.', '/Actuator/Light/Kitchen/1 is turned off.', '/Actuator/Light/Bathroom/1 is turned off.', '/Actuator/Curtain/LivingRoom/1 || /Actuator/Curtain/Bedroom/1']",/Users/minghe/llm4faas/experiments_default/functions_zh/llama31_functions/llama3.1_plan_5.log
,llama3.1,plan,4,0.0000,Error,,/Users/minghe/llm4faas/experiments_default/functions_zh/llama31_functions/llama3.1_plan_4.log
,llama3.1,plan,6,0.0000,Invalid Prompt,,/Users/minghe/llm4faas/experiments_default/functions_zh/llama31_functions/llama3.1_plan_6.log
,llama3.1,plan,7,0.0000,Error,"['/Actuator/MusicPlayer/LivingRoom/1 is turned on. || /Actuator/MusicPlayer/Bedroom/1 is turned on.', '/Actuator/CoffeeMachine/Kitchen/1', 'Lock the door /Actuator/Door/LivingRoom/1. || Lock the door /Actuator/Door/Bedroom/1. || Lock the door /Actuator/Door/Kitchen/1. || Lock the door /Actuator/Door/Bathroom/1. || Lock the door /Actuator/Door/Balcony/1.', '/Actuator/Light/LivingRoom/1 is turned off.', '/Actuator/Light/LivingRoom/2 is turned off.', '/Actuator/Light/Bedroom/1 is turned off.', '/Actuator/Light/Bedroom/2 is turned off.', '/Actuator/Light/Kitchen/1 is turned off.', '/Actuator/Light/Bathroom/1 is turned off.', '/Actuator/SmartSocket/LivingRoom/1 is turned off.', '/Actuator/SmartSocket/LivingRoom/2 is turned off.', '/Actuator/SmartSocket/Bedroom/1 is turned off.', '/Actuator/SmartSocket/Bedroom/2 is turned off.', '/Actuator/SmartSocket/Kitchen/1 is turned off.', '/Actuator/SmartSocket/Kitchen/2 is turned off.', '/Actuator/SmartSocket/Kitchen/3 is turned off.', '/Actuator/SmartSocket/Bathroom/1 is turned off.', '/Actuator/SmartSocket/Bathroom/2 is turned off.', '/Actuator/Curtain/LivingRoom/1 || /Actuator/Curtain/Bedroom/1', 'Set /Actuator/Light/LivingRoom/1 light brightness level to LOW || Set /Actuator/Light/LivingRoom/2 light brightness level to LOW']",/Users/minghe/llm4faas/experiments_default/functions_zh/llama31_functions/llama3.1_plan_7.log
,llama3.1,plan,3,0.0000,Error,"['/Actuator/CoffeeMachine/Kitchen/1', '/Actuator/Light/LivingRoom/1 is turned off.', '/Actuator/Light/LivingRoom/2 is turned off.', '/Actuator/Light/Bedroom/1 is turned off.', '/Actuator/Light/Bedroom/2 is turned off.', '/Actuator/Light/Kitchen/1 is turned off.', '/Actuator/Light/Bathroom/1 is turned off.', '/Actuator/Curtain/LivingRoom/1 || /Actuator/Curtain/Bedroom/1', '/Actuator/SmartTV/LivingRoom/1']",/Users/minghe/llm4faas/experiments_default/functions_zh/llama31_functions/llama3.1_plan_3.log
,llama3.1,plan,2,0.0000,Error,"['/Actuator/Curtain/LivingRoom/1 || /Actuator/Curtain/Bedroom/1', '/Actuator/MusicPlayer/LivingRoom/1 || /Actuator/MusicPlayer/Bedroom/1', '/Actuator/CoffeeMachine/Kitchen/1', '/Actuator/Light/LivingRoom/1 is turned off.', '/Actuator/Light/LivingRoom/2 is turned off.', '/Actuator/Light/Bedroom/1 is turned off.', '/Actuator/Light/Bedroom/2 is turned off.', '/Actuator/Light/Kitchen/1 is turned off.', '/Actuator/Light/Bathroom/1 is turned off.', 'Lock the door /Actuator/Door/LivingRoom/1.', '/Actuator/SmartSocket/LivingRoom/1 is turned off.', '/Actuator/SmartSocket/LivingRoom/2 is turned off.', '/Actuator/SmartSocket/Bedroom/1 is turned off.', '/Actuator/SmartSocket/Bedroom/2 is turned off.', '/Actuator/SmartSocket/Kitchen/1 is turned off. || /Actuator/SmartSocket/Kitchen/2 is turned off. || /Actuator/SmartSocket/Kitchen/3 is turned off.', '/Actuator/SmartSocket/Bathroom/1 is turned off.', '/Actuator/SmartSocket/Bathroom/2 is turned off.', 'Set /Actuator/Light/LivingRoom/1 light brightness level to LOW || Set /Actuator/Light/LivingRoom/2 light brightness level to LOW', '/Actuator/Curtain/LivingRoom/1 || /Actuator/Curtain/Bedroom/1', '/Actuator/SmartTV/LivingRoom/1']",/Users/minghe/llm4faas/experiments_default/functions_zh/llama31_functions/llama3.1_plan_2.log
,llama3.1,plan,1,0.0000,Error,"['/Actuator/Light/LivingRoom/1 is turned on. || /Actuator/Light/LivingRoom/2 is turned on. || /Actuator/Light/Bedroom/1 is turned on. || /Actuator/Light/Bedroom/2 is turned on.', '/Actuator/Curtain/LivingRoom/1 || /Actuator/Curtain/Bedroom/1', '/Actuator/MusicPlayer/LivingRoom/1 || /Actuator/MusicPlayer/Bedroom/1', '/Actuator/CoffeeMachine/Kitchen/1', '/Actuator/Light/LivingRoom/1 is turned off.', '/Actuator/Light/LivingRoom/2 is turned off.', '/Actuator/Light/Bedroom/1 is turned off.', '/Actuator/Light/Bedroom/2 is turned off.', '/Actuator/Light/Kitchen/1 is turned off.', '/Actuator/Light/Bathroom/1 is turned off.', 'Lock the door /Actuator/Door/LivingRoom/1.', '/Actuator/SmartTV/LivingRoom/1 is turned on.', '/Actuator/Curtain/LivingRoom/1', 'Set /Actuator/Light/LivingRoom/1 light brightness level to LOW || Set /Actuator/Light/LivingRoom/2 light brightness level to LOW']",/Users/minghe/llm4faas/experiments_default/functions_zh/llama31_functions/llama3.1_plan_1.log
,llama3.1,plan,23,0.0000,Error,,/Users/minghe/llm4faas/experiments_default/functions_zh/llama31_functions/llama3.1_plan_23.log
,llama3.1,plan,22,0.0000,Error,"['/Actuator/Light/Bedroom/1 is turned on. || /Actuator/Light/Bedroom/2 is turned on.', '/Actuator/Curtain/Bedroom/1', '/Actuator/CoffeeMachine/Kitchen/1', '/Actuator/MusicPlayer/Bedroom/1 || /Actuator/MusicPlayer/LivingRoom/1', 'Lock the door /Actuator/Door/LivingRoom/1.', '/Actuator/Light/LivingRoom/1 is turned off.', '/Actuator/Light/LivingRoom/2 is turned off.', '/Actuator/Light/Bedroom/1 is turned off.', '/Actuator/Light/Bedroom/2 is turned off.', '/Actuator/Light/Kitchen/1 is turned off.', '/Actuator/Light/Bathroom/1 is turned off.', '/Actuator/SmartSocket/LivingRoom/1 is turned off.', '/Actuator/SmartSocket/LivingRoom/2 is turned off.', '/Actuator/SmartSocket/Bedroom/1 is turned off.', '/Actuator/SmartSocket/Bedroom/2 is turned off.', '/Actuator/SmartSocket/Kitchen/1 is turned off.', '/Actuator/SmartSocket/Kitchen/2 is turned off.', '/Actuator/SmartSocket/Kitchen/3 is turned off.', '/Actuator/SmartSocket/Bathroom/1 is turned off.', '/Actuator/SmartSocket/Bathroom/2 is turned off.', 'Set /Actuator/Light/LivingRoom/1 light brightness level to LOW || Set /Actuator/Light/LivingRoom/2 light brightness level to LOW', '/Actuator/Curtain/LivingRoom/1', '/Actuator/SmartTV/LivingRoom/1 is turned on.']",/Users/minghe/llm4faas/experiments_default/functions_zh/llama31_functions/llama3.1_plan_22.log
,llama3.1,plan,20,0.0000,Error,,/Users/minghe/llm4faas/experiments_default/functions_zh/llama31_functions/llama3.1_plan_20.log
,llama3.1,plan,21,0.0000,Error,"['/Actuator/Curtain/LivingRoom/1 || /Actuator/Curtain/Bedroom/1', '/Actuator/CoffeeMachine/Kitchen/1', '/Sensor/LightIntensive/LivingRoom/1 reading is: || /Sensor/LightIntensive/Bedroom/1 reading is:', 'Lock the door /Actuator/Door/LivingRoom/1.', 'Lock the door /Actuator/Door/Bedroom/1.', 'Lock the door /Actuator/Door/Kitchen/1.', 'Lock the door /Actuator/Door/Bathroom/1.', 'Lock the door /Actuator/Door/Balcony/1.', '/Actuator/Light/LivingRoom/1 is turned off.', '/Actuator/Light/LivingRoom/2 is turned off.', '/Actuator/Light/Bedroom/1 is turned off.', '/Actuator/Light/Bedroom/2 is turned off.', '/Actuator/Light/Kitchen/1 is turned off.', '/Actuator/Light/Bathroom/1 is turned off.', '/Actuator/SmartSocket/LivingRoom/1 is turned off.', '/Actuator/SmartSocket/LivingRoom/2 is turned off.', '/Actuator/SmartSocket/Bedroom/1 is turned off.', '/Actuator/SmartSocket/Bedroom/2 is turned off.', '/Actuator/SmartSocket/Kitchen/1 is turned off.', '/Actuator/SmartSocket/Kitchen/2 is turned off.', '/Actuator/SmartSocket/Kitchen/3 is turned off.', '/Actuator/SmartSocket/Bathroom/1 is turned off.', '/Actuator/SmartSocket/Bathroom/2 is turned off.', '/Actuator/Curtain/LivingRoom/1 || /Actuator/Curtain/Bedroom/1', 'Set /Actuator/Light/LivingRoom/1 light brightness level to LOW || Set /Actuator/Light/LivingRoom/2 light brightness level to LOW', '/Actuator/SmartTV/LivingRoom/1 is turned on.']",/Users/minghe/llm4faas/experiments_default/functions_zh/llama31_functions/llama3.1_plan_21.log
,llama3.1,plan,19,0.0000,Error,,/Users/minghe/llm4faas/experiments_default/functions_zh/llama31_functions/llama3.1_plan_19.log
,llama3.1,plan,25,0.0000,Error,"['/Sensor/LightIntensive/LivingRoom/1 reading is:', '/Actuator/Curtain/Bedroom/1 || /Actuator/Curtain/LivingRoom/1', '/Actuator/Light/Bedroom/1 is turned off.', '/Actuator/Light/Bedroom/2 is turned off.', '/Actuator/MusicPlayer/Bedroom/1 || /Actuator/MusicPlayer/LivingRoom/1', '/Actuator/CoffeeMachine/Kitchen/1', 'Lock the door /Actuator/Door/LivingRoom/1.', '/Actuator/Curtain/LivingRoom/1', '/Actuator/Curtain/Bedroom/1', '/Actuator/Light/LivingRoom/1 is turned off.', '/Actuator/Light/LivingRoom/2 is turned off.', '/Actuator/Light/Bedroom/1 is turned off.', '/Actuator/Light/Bedroom/2 is turned off.', '/Actuator/Light/Kitchen/1 is turned off.', '/Actuator/Light/Bathroom/1 is turned off.', '/Actuator/SmartSocket/LivingRoom/1 is turned off.', '/Actuator/SmartSocket/LivingRoom/2 is turned off.', '/Actuator/SmartSocket/Bedroom/1 is turned off.', '/Actuator/SmartSocket/Bedroom/2 is turned off.', '/Actuator/SmartSocket/Kitchen/1 is turned off.', '/Actuator/SmartSocket/Kitchen/2 is turned off.', '/Actuator/SmartSocket/Kitchen/3 is turned off.', '/Actuator/SmartSocket/Bathroom/1 is turned off.', '/Actuator/SmartSocket/Bathroom/2 is turned off.', '/Actuator/SmartTV/LivingRoom/1 is turned on.', '/Actuator/Curtain/LivingRoom/1 is turned off. || /Actuator/Curtain/Bedroom/1 is turned off.', 'Set /Actuator/Light/LivingRoom/1 light brightness level to LOW || Set /Actuator/Light/LivingRoom/2 light brightness level to LOW']",/Users/minghe/llm4faas/experiments_default/functions_zh/llama31_functions/llama3.1_plan_25.log
,llama3.1,plan,24,0.0000,Error,"['/Actuator/Curtain/LivingRoom/1 || /Actuator/Curtain/Bedroom/1', '/Sensor/LightIntensiveSensor/LivingRoom/1 reading is: || /Sensor/LightIntensiveSensor/Bedroom/1 reading is:', '/Actuator/CoffeeMachine/Kitchen/1', '/Actuator/MusicPlayer/LivingRoom/1', '/Actuator/Curtain/LivingRoom/1 || /Actuator/Curtain/Bedroom/1', '/Actuator/Light/LivingRoom/1 is turned off.', '/Actuator/Light/LivingRoom/2 is turned off.', '/Actuator/Light/Bedroom/1 is turned off.', '/Actuator/Light/Bedroom/2 is turned off.', '/Actuator/Light/Kitchen/1 is turned off.', '/Actuator/Light/Bathroom/1 is turned off.', '/Actuator/SmartSocket/LivingRoom/1 is turned off.', '/Actuator/SmartSocket/LivingRoom/2 is turned off.', '/Actuator/SmartSocket/Bedroom/1 is turned off.', '/Actuator/SmartSocket/Bedroom/2 is turned off.', '/Actuator/SmartSocket/Kitchen/1 is turned off.', '/Actuator/SmartSocket/Kitchen/2 is turned off.', '/Actuator/SmartSocket/Kitchen/3 is turned off.', '/Actuator/SmartSocket/Bathroom/1 is turned off.', '/Actuator/SmartSocket/Bathroom/2 is turned off.', '/Actuator/Door/LivingRoom/1.', '/Actuator/Curtain/LivingRoom/1 || /Actuator/Curtain/Bedroom/1', '/Actuator/Light/LivingRoom/1 is turned off.', '/Actuator/Light/LivingRoom/2 is turned off.']",/Users/minghe/llm4faas/experiments_default/functions_zh/llama31_functions/llama3.1_plan_24.log
,llama3.1,plan,18,0.0000,Error,"['/Actuator/MusicPlayer/LivingRoom/1 || /Actuator/MusicPlayer/Bedroom/1', '/Actuator/SmartSocket/LivingRoom/1 is turned off.', '/Actuator/SmartSocket/LivingRoom/2 is turned off.', '/Actuator/SmartSocket/Bedroom/1 is turned off.', '/Actuator/SmartSocket/Bedroom/2 is turned off.', '/Actuator/SmartSocket/Kitchen/1 is turned off.', '/Actuator/SmartSocket/Kitchen/2 is turned off.', '/Actuator/SmartSocket/Kitchen/3 is turned off.', '/Actuator/SmartSocket/Bathroom/1 is turned off.', '/Actuator/SmartSocket/Bathroom/2 is turned off.', '/Actuator/Curtain/LivingRoom/1 || /Actuator/Curtain/Bedroom/1']",/Users/minghe/llm4faas/experiments_default/functions_zh/llama31_functions/llama3.1_plan_18.log
,llama3.1,plan,26,0.0000,Error,"['/Actuator/Curtain/LivingRoom/1 || /Actuator/Curtain/Bedroom/1', '/Sensor/LightIntensiveSensor/LivingRoom/1 reading is: || /Sensor/LightIntensiveSensor/Bedroom/1 reading is:', '/Actuator/CoffeeMachine/Kitchen/1', '/Actuator/MusicPlayer/LivingRoom/1', '/Actuator/Light/LivingRoom/1 is turned off.', '/Actuator/Light/LivingRoom/2 is turned off.', '/Actuator/Light/Bedroom/1 is turned off.', '/Actuator/Light/Bedroom/2 is turned off.', '/Actuator/Light/Kitchen/1 is turned off.', '/Actuator/Light/Bathroom/1 is turned off.', '/Actuator/SmartSocket/LivingRoom/1 is turned off.', '/Actuator/SmartSocket/LivingRoom/2 is turned off.', '/Actuator/SmartSocket/Bedroom/1 is turned off.', '/Actuator/SmartSocket/Bedroom/2 is turned off.', '/Actuator/SmartSocket/Kitchen/1 is turned off.', '/Actuator/SmartSocket/Kitchen/2 is turned off.', '/Actuator/SmartSocket/Kitchen/3 is turned off.', '/Actuator/SmartSocket/Bathroom/1 is turned off.', '/Actuator/SmartSocket/Bathroom/2 is turned off.', '/Actuator/Door/LivingRoom/1.', '/Actuator/Curtain/LivingRoom/1 || /Actuator/Curtain/Bedroom/1', 'Set /Actuator/Light/LivingRoom/1 light brightness level to LOW || Set /Actuator/Light/LivingRoom/2 light brightness level to LOW']",/Users/minghe/llm4faas/experiments_default/functions_zh/llama31_functions/llama3.1_plan_26.log
